Area,mnemonic,Employees,Employment
lsoa2011:Cambridge 001A,E01017975,150,150
lsoa2011:Cambridge 001B,E01017976,250,300
lsoa2011:Cambridge 001C,E01017977,200,200
lsoa2011:Cambridge 001D,E01017978,175,200
lsoa2011:Cambridge 001E,E01017979,500,500
lsoa2011:Cambridge 001F,E01017980,175,200
lsoa2011:Cambridge 002A,E01017949,700,800
lsoa2011:Cambridge 002B,E01017950,400,450
lsoa2011:Cambridge 002C,E01017951,75,75
lsoa2011:Cambridge 002D,E01017952,100,100
lsoa2011:Cambridge 002E,E01017953,100,100
lsoa2011:Cambridge 002F,E01017954,150,175
lsoa2011:Cambridge 003B,E01017971,7000,7000
lsoa2011:Cambridge 003C,E01017972,50,50
lsoa2011:Cambridge 003D,E01017973,500,500
lsoa2011:Cambridge 003E,E01017974,150,175
lsoa2011:Cambridge 003F,E01032792,350,350
lsoa2011:Cambridge 003G,E01032802,450,450
lsoa2011:Cambridge 004A,E01018006,300,300
lsoa2011:Cambridge 004B,E01018007,200,200
lsoa2011:Cambridge 004C,E01018008,200,200
lsoa2011:Cambridge 004D,E01018009,2000,2000
lsoa2011:Cambridge 004E,E01018010,250,250
lsoa2011:Cambridge 005A,E01017955,75,75
lsoa2011:Cambridge 005B,E01017956,1500,1750
lsoa2011:Cambridge 005C,E01017957,100,100
lsoa2011:Cambridge 005D,E01017958,7000,7000
lsoa2011:Cambridge 006A,E01017943,1500,1500
lsoa2011:Cambridge 006B,E01017944,400,400
lsoa2011:Cambridge 006C,E01017945,1250,1250
lsoa2011:Cambridge 006D,E01017946,300,300
lsoa2011:Cambridge 006E,E01017947,600,700
lsoa2011:Cambridge 006F,E01017948,100,100
lsoa2011:Cambridge 007C,E01017983,3500,4000
lsoa2011:Cambridge 007D,E01017984,4000,4000
lsoa2011:Cambridge 007E,E01017985,800,900
lsoa2011:Cambridge 007F,E01017986,3000,3000
lsoa2011:Cambridge 007G,E01032797,18000,18000
lsoa2011:Cambridge 008A,E01017987,2500,2500
lsoa2011:Cambridge 008B,E01017988,600,700
lsoa2011:Cambridge 008C,E01017989,450,450
lsoa2011:Cambridge 008D,E01017990,800,800
lsoa2011:Cambridge 008E,E01017991,2000,2000
lsoa2011:Cambridge 009A,E01017997,450,500
lsoa2011:Cambridge 009B,E01017998,150,175
lsoa2011:Cambridge 009C,E01017999,500,500
lsoa2011:Cambridge 009D,E01018000,1000,1000
lsoa2011:Cambridge 009E,E01018001,150,150
lsoa2011:Cambridge 010A,E01017965,125,150
lsoa2011:Cambridge 010B,E01017966,2500,2500
lsoa2011:Cambridge 010C,E01017967,450,450
lsoa2011:Cambridge 010D,E01017968,100,125
lsoa2011:Cambridge 010E,E01017969,500,500
lsoa2011:Cambridge 011A,E01017959,350,350
lsoa2011:Cambridge 011B,E01017960,3000,3000
lsoa2011:Cambridge 011C,E01017961,35,40
lsoa2011:Cambridge 011D,E01017962,1000,1000
lsoa2011:Cambridge 011E,E01017963,150,150
lsoa2011:Cambridge 011F,E01017964,175,200
lsoa2011:Cambridge 012A,E01018002,1250,1500
lsoa2011:Cambridge 012B,E01018003,200,200
lsoa2011:Cambridge 012D,E01018005,3500,3500
lsoa2011:Cambridge 012E,E01032794,1000,1000
lsoa2011:Cambridge 012F,E01032795,7000,7000
lsoa2011:Cambridge 013A,E01017992,250,250
lsoa2011:Cambridge 013B,E01017993,1500,1500
lsoa2011:Cambridge 013C,E01017994,250,250
lsoa2011:Cambridge 013D,E01017995,15000,15000
lsoa2011:Cambridge 013E,E01017996,3500,3500
lsoa2011:East Cambridgeshire 001A,E01018042,75,75
lsoa2011:East Cambridgeshire 001B,E01018043,400,400
lsoa2011:East Cambridgeshire 001C,E01018044,600,600
lsoa2011:East Cambridgeshire 001D,E01018045,800,800
lsoa2011:East Cambridgeshire 001E,E01018046,400,400
lsoa2011:East Cambridgeshire 002A,E01018020,350,350
lsoa2011:East Cambridgeshire 002B,E01018021,225,225
lsoa2011:East Cambridgeshire 002C,E01018022,175,200
lsoa2011:East Cambridgeshire 002D,E01018055,200,225
lsoa2011:East Cambridgeshire 002E,E01018056,700,700
lsoa2011:East Cambridgeshire 003A,E01018027,600,600
lsoa2011:East Cambridgeshire 003C,E01018029,800,800
lsoa2011:East Cambridgeshire 003D,E01018032,700,700
lsoa2011:East Cambridgeshire 003E,E01018033,175,200
lsoa2011:East Cambridgeshire 003F,E01033426,500,500
lsoa2011:East Cambridgeshire 003G,E01033430,35,45
lsoa2011:East Cambridgeshire 004A,E01018024,450,500
lsoa2011:East Cambridgeshire 004B,E01018025,3000,3000
lsoa2011:East Cambridgeshire 004C,E01018026,3000,3000
lsoa2011:East Cambridgeshire 004D,E01018030,30,30
lsoa2011:East Cambridgeshire 004F,E01033425,175,175
lsoa2011:East Cambridgeshire 004G,E01033428,1500,1500
lsoa2011:East Cambridgeshire 005A,E01018036,250,300
lsoa2011:East Cambridgeshire 005B,E01018037,200,225
lsoa2011:East Cambridgeshire 005C,E01018038,175,175
lsoa2011:East Cambridgeshire 005D,E01018039,700,800
lsoa2011:East Cambridgeshire 005E,E01018053,500,500
lsoa2011:East Cambridgeshire 005F,E01018054,350,350
lsoa2011:East Cambridgeshire 006A,E01018047,2000,2000
lsoa2011:East Cambridgeshire 006C,E01018049,400,450
lsoa2011:East Cambridgeshire 006D,E01018050,250,250
lsoa2011:East Cambridgeshire 006E,E01018051,450,450
lsoa2011:East Cambridgeshire 006F,E01018052,600,700
lsoa2011:East Cambridgeshire 006G,E01033427,150,175
lsoa2011:East Cambridgeshire 006H,E01033429,225,250
lsoa2011:East Cambridgeshire 007A,E01018034,450,450
lsoa2011:East Cambridgeshire 007B,E01018035,3500,3500
lsoa2011:East Cambridgeshire 007C,E01018040,225,250
lsoa2011:East Cambridgeshire 007D,E01018041,500,500
lsoa2011:East Cambridgeshire 008A,E01018013,350,450
lsoa2011:East Cambridgeshire 008B,E01018014,400,450
lsoa2011:East Cambridgeshire 008C,E01018015,350,400
lsoa2011:East Cambridgeshire 008D,E01018016,75,100
lsoa2011:East Cambridgeshire 009A,E01018011,800,900
lsoa2011:East Cambridgeshire 009B,E01018012,600,600
lsoa2011:East Cambridgeshire 009C,E01018057,600,600
lsoa2011:East Cambridgeshire 011A,E01018017,250,250
lsoa2011:East Cambridgeshire 011B,E01018019,400,400
lsoa2011:East Cambridgeshire 011C,E01018023,700,800
lsoa2011:East Cambridgeshire 011D,E01032611,250,250
lsoa2011:Fenland 001A,E01018094,150,175
lsoa2011:Fenland 001B,E01018095,300,350
lsoa2011:Fenland 001C,E01018096,75,75
lsoa2011:Fenland 001D,E01018097,225,250
lsoa2011:Fenland 002A,E01018063,1750,1750
lsoa2011:Fenland 002B,E01018073,300,350
lsoa2011:Fenland 002C,E01018107,175,175
lsoa2011:Fenland 002D,E01018108,250,250
lsoa2011:Fenland 002E,E01018109,125,125
lsoa2011:Fenland 003A,E01018069,400,400
lsoa2011:Fenland 003B,E01018070,600,600
lsoa2011:Fenland 003C,E01018071,225,250
lsoa2011:Fenland 003E,E01018093,1500,1500
lsoa2011:Fenland 003F,E01018103,75,75
lsoa2011:Fenland 003G,E01018104,150,150
lsoa2011:Fenland 003H,E01033111,6000,6000
lsoa2011:Fenland 003I,E01033112,2000,2250
lsoa2011:Fenland 004A,E01018066,175,200
lsoa2011:Fenland 004B,E01018067,400,450
lsoa2011:Fenland 004C,E01018068,900,900
lsoa2011:Fenland 004D,E01018090,175,175
lsoa2011:Fenland 004E,E01018091,600,700
lsoa2011:Fenland 004F,E01018092,250,300
lsoa2011:Fenland 005A,E01018081,3000,3500
lsoa2011:Fenland 005B,E01018082,450,450
lsoa2011:Fenland 005C,E01018083,700,700
lsoa2011:Fenland 005D,E01018084,400,400
lsoa2011:Fenland 006A,E01018064,125,125
lsoa2011:Fenland 006B,E01018072,350,350
lsoa2011:Fenland 006C,E01018074,75,75
lsoa2011:Fenland 006D,E01018075,50,50
lsoa2011:Fenland 006E,E01018098,150,150
lsoa2011:Fenland 006F,E01018099,1000,1000
lsoa2011:Fenland 006G,E01018100,500,600
lsoa2011:Fenland 006H,E01018101,500,600
lsoa2011:Fenland 007A,E01018077,700,700
lsoa2011:Fenland 007B,E01018078,175,175
lsoa2011:Fenland 007C,E01018079,125,150
lsoa2011:Fenland 007D,E01018080,50,50
lsoa2011:Fenland 008A,E01018058,20,20
lsoa2011:Fenland 008B,E01018059,1250,1250
lsoa2011:Fenland 008C,E01018060,900,900
lsoa2011:Fenland 008D,E01018061,125,125
lsoa2011:Fenland 009A,E01018085,175,200
lsoa2011:Fenland 009B,E01018086,250,300
lsoa2011:Fenland 009C,E01018087,900,1000
lsoa2011:Fenland 009D,E01018088,300,350
lsoa2011:Fenland 010A,E01018065,700,700
lsoa2011:Fenland 010B,E01018076,250,250
lsoa2011:Fenland 010C,E01018111,900,900
lsoa2011:Fenland 011A,E01018062,900,900
lsoa2011:Fenland 011B,E01018102,1000,1000
lsoa2011:Fenland 011C,E01018105,350,350
lsoa2011:Fenland 011D,E01018106,40,45
lsoa2011:Fenland 011E,E01018110,800,900
lsoa2011:Huntingdonshire 001A,E01018212,175,225
lsoa2011:Huntingdonshire 001B,E01018213,1500,1500
lsoa2011:Huntingdonshire 001C,E01018214,350,350
lsoa2011:Huntingdonshire 001D,E01018215,350,400
lsoa2011:Huntingdonshire 001E,E01018216,200,200
lsoa2011:Huntingdonshire 001F,E01018217,200,225
lsoa2011:Huntingdonshire 002A,E01018127,1250,1250
lsoa2011:Huntingdonshire 002B,E01018128,500,600
lsoa2011:Huntingdonshire 002C,E01018200,500,600
lsoa2011:Huntingdonshire 002D,E01018201,150,150
lsoa2011:Huntingdonshire 003A,E01018156,400,450
lsoa2011:Huntingdonshire 003B,E01018157,300,350
lsoa2011:Huntingdonshire 003C,E01018158,700,800
lsoa2011:Huntingdonshire 003D,E01018159,600,600
lsoa2011:Huntingdonshire 003E,E01018160,50,50
lsoa2011:Huntingdonshire 004A,E01018191,175,175
lsoa2011:Huntingdonshire 004B,E01018192,600,600
lsoa2011:Huntingdonshire 004C,E01018193,400,400
lsoa2011:Huntingdonshire 004D,E01018194,600,600
lsoa2011:Huntingdonshire 004E,E01018195,350,350
lsoa2011:Huntingdonshire 005A,E01018208,150,175
lsoa2011:Huntingdonshire 005B,E01018209,450,500
lsoa2011:Huntingdonshire 005C,E01018210,50,75
lsoa2011:Huntingdonshire 005D,E01018211,225,225
lsoa2011:Huntingdonshire 006A,E01018196,400,450
lsoa2011:Huntingdonshire 006B,E01018197,150,150
lsoa2011:Huntingdonshire 006C,E01018198,300,300
lsoa2011:Huntingdonshire 006D,E01018199,500,500
lsoa2011:Huntingdonshire 006E,E01018206,1000,1000
lsoa2011:Huntingdonshire 006F,E01018207,225,250
lsoa2011:Huntingdonshire 007A,E01018121,2250,2250
lsoa2011:Huntingdonshire 007B,E01018122,125,125
lsoa2011:Huntingdonshire 007C,E01018123,400,400
lsoa2011:Huntingdonshire 007D,E01018124,225,250
lsoa2011:Huntingdonshire 008A,E01018143,350,350
lsoa2011:Huntingdonshire 008B,E01018144,225,250
lsoa2011:Huntingdonshire 008C,E01018145,1250,1250
lsoa2011:Huntingdonshire 008D,E01018146,2000,2000
lsoa2011:Huntingdonshire 008E,E01018147,300,300
lsoa2011:Huntingdonshire 009A,E01018139,75,100
lsoa2011:Huntingdonshire 009B,E01018140,50,50
lsoa2011:Huntingdonshire 009C,E01018141,200,200
lsoa2011:Huntingdonshire 009D,E01018142,250,300
lsoa2011:Huntingdonshire 010B,E01018113,1250,1250
lsoa2011:Huntingdonshire 010D,E01018116,500,500
lsoa2011:Huntingdonshire 010E,E01018117,500,500
lsoa2011:Huntingdonshire 010F,E01018118,350,350
lsoa2011:Huntingdonshire 010G,E01033433,8000,8000
lsoa2011:Huntingdonshire 011A,E01018161,50,50
lsoa2011:Huntingdonshire 011B,E01018162,600,600
lsoa2011:Huntingdonshire 011C,E01018163,2000,2000
lsoa2011:Huntingdonshire 011D,E01018164,175,200
lsoa2011:Huntingdonshire 011E,E01018165,50,50
lsoa2011:Huntingdonshire 011F,E01018170,45,50
lsoa2011:Huntingdonshire 011G,E01018171,150,150
lsoa2011:Huntingdonshire 012A,E01018138,800,800
lsoa2011:Huntingdonshire 012B,E01018148,1750,2000
lsoa2011:Huntingdonshire 012C,E01018149,100,100
lsoa2011:Huntingdonshire 012D,E01018150,2500,2500
lsoa2011:Huntingdonshire 012E,E01018151,8000,8000
lsoa2011:Huntingdonshire 013A,E01018166,200,200
lsoa2011:Huntingdonshire 013B,E01018167,175,200
lsoa2011:Huntingdonshire 013C,E01018168,4000,4000
lsoa2011:Huntingdonshire 013D,E01018169,700,700
lsoa2011:Huntingdonshire 014A,E01018131,100,100
lsoa2011:Huntingdonshire 014B,E01018132,2000,2000
lsoa2011:Huntingdonshire 014C,E01018133,450,500
lsoa2011:Huntingdonshire 014D,E01018134,125,125
lsoa2011:Huntingdonshire 015A,E01018125,700,700
lsoa2011:Huntingdonshire 015B,E01018126,1000,1000
lsoa2011:Huntingdonshire 015C,E01018152,350,400
lsoa2011:Huntingdonshire 015D,E01018153,1250,1500
lsoa2011:Huntingdonshire 016A,E01018129,600,600
lsoa2011:Huntingdonshire 016B,E01018130,200,225
lsoa2011:Huntingdonshire 016C,E01018202,300,300
lsoa2011:Huntingdonshire 016D,E01018203,175,200
lsoa2011:Huntingdonshire 016E,E01018204,125,150
lsoa2011:Huntingdonshire 016F,E01018205,600,600
lsoa2011:Huntingdonshire 017A,E01018115,800,800
lsoa2011:Huntingdonshire 017B,E01018119,250,250
lsoa2011:Huntingdonshire 017C,E01018120,400,450
lsoa2011:Huntingdonshire 017D,E01018137,400,400
lsoa2011:Huntingdonshire 018A,E01018135,700,700
lsoa2011:Huntingdonshire 018B,E01018136,1250,1250
lsoa2011:Huntingdonshire 018C,E01018154,225,225
lsoa2011:Huntingdonshire 018D,E01018155,350,400
lsoa2011:Huntingdonshire 019A,E01018187,2000,2250
lsoa2011:Huntingdonshire 019B,E01018188,450,450
lsoa2011:Huntingdonshire 019C,E01018189,50,50
lsoa2011:Huntingdonshire 019D,E01018190,1000,1000
lsoa2011:Huntingdonshire 020A,E01018172,300,350
lsoa2011:Huntingdonshire 020B,E01018173,15,20
lsoa2011:Huntingdonshire 020C,E01018174,125,150
lsoa2011:Huntingdonshire 020D,E01018175,175,175
lsoa2011:Huntingdonshire 020E,E01018176,300,300
lsoa2011:Huntingdonshire 021A,E01018181,200,200
lsoa2011:Huntingdonshire 021B,E01018182,125,125
lsoa2011:Huntingdonshire 021C,E01018183,350,350
lsoa2011:Huntingdonshire 021D,E01018184,100,100
lsoa2011:Huntingdonshire 021E,E01018185,250,250
lsoa2011:Huntingdonshire 021F,E01018186,1500,1500
lsoa2011:Huntingdonshire 022A,E01018177,4000,4000
lsoa2011:Huntingdonshire 022B,E01018178,300,300
lsoa2011:Huntingdonshire 022C,E01018179,30,30
lsoa2011:Huntingdonshire 022D,E01018180,40,40
lsoa2011:Peterborough 001A,E01015629,900,1000
lsoa2011:Peterborough 001B,E01015635,225,250
lsoa2011:Peterborough 001C,E01015636,225,250
lsoa2011:Peterborough 001D,E01015679,175,175
lsoa2011:Peterborough 002A,E01015678,50,50
lsoa2011:Peterborough 002B,E01015680,1000,1000
lsoa2011:Peterborough 002C,E01015681,45,50
lsoa2011:Peterborough 002D,E01015682,75,75
lsoa2011:Peterborough 003A,E01015630,400,500
lsoa2011:Peterborough 003B,E01015631,125,125
lsoa2011:Peterborough 003C,E01015659,150,150
lsoa2011:Peterborough 003D,E01015684,175,175
lsoa2011:Peterborough 003E,E01015685,75,100
lsoa2011:Peterborough 004A,E01015589,350,350
lsoa2011:Peterborough 004B,E01015590,300,350
lsoa2011:Peterborough 004C,E01015626,125,150
lsoa2011:Peterborough 004D,E01015628,400,450
lsoa2011:Peterborough 005A,E01015617,350,400
lsoa2011:Peterborough 005B,E01015618,175,200
lsoa2011:Peterborough 005C,E01015619,300,350
lsoa2011:Peterborough 005D,E01015620,300,350
lsoa2011:Peterborough 006A,E01015674,75,100
lsoa2011:Peterborough 006B,E01015675,75,100
lsoa2011:Peterborough 006C,E01015676,1000,1000
lsoa2011:Peterborough 006D,E01015683,250,300
lsoa2011:Peterborough 006E,E01015686,3000,3000
lsoa2011:Peterborough 007A,E01015607,150,150
lsoa2011:Peterborough 007B,E01015609,175,175
lsoa2011:Peterborough 007C,E01015656,75,100
lsoa2011:Peterborough 007D,E01015657,700,700
lsoa2011:Peterborough 007E,E01015658,200,200
lsoa2011:Peterborough 007F,E01015660,100,100
lsoa2011:Peterborough 008A,E01015605,175,200
lsoa2011:Peterborough 008B,E01015608,100,100
lsoa2011:Peterborough 008C,E01015610,45,50
lsoa2011:Peterborough 008D,E01015633,125,150
lsoa2011:Peterborough 008E,E01015634,150,150
lsoa2011:Peterborough 009A,E01015593,1250,1250
lsoa2011:Peterborough 009B,E01015596,250,250
lsoa2011:Peterborough 009C,E01015662,30,30
lsoa2011:Peterborough 009D,E01015663,4000,4000
lsoa2011:Peterborough 009E,E01015664,100,100
lsoa2011:Peterborough 010A,E01015603,1250,1250
lsoa2011:Peterborough 010B,E01015604,150,150
lsoa2011:Peterborough 010C,E01015632,600,600
lsoa2011:Peterborough 010D,E01015661,2250,2500
lsoa2011:Peterborough 010E,E01015677,900,1000
lsoa2011:Peterborough 011A,E01015591,75,75
lsoa2011:Peterborough 011B,E01015592,175,175
lsoa2011:Peterborough 011C,E01015594,2000,2000
lsoa2011:Peterborough 011D,E01015595,150,150
lsoa2011:Peterborough 011E,E01015597,40,40
lsoa2011:Peterborough 012A,E01015601,700,700
lsoa2011:Peterborough 012B,E01015651,175,200
lsoa2011:Peterborough 012C,E01015652,450,450
lsoa2011:Peterborough 012D,E01015653,900,900
lsoa2011:Peterborough 012E,E01015654,1000,1000
lsoa2011:Peterborough 013A,E01015606,200,225
lsoa2011:Peterborough 013B,E01015611,2500,2500
lsoa2011:Peterborough 013C,E01015613,150,150
lsoa2011:Peterborough 013D,E01015614,2500,2500
lsoa2011:Peterborough 013E,E01015615,350,350
lsoa2011:Peterborough 013F,E01015616,9000,9000
lsoa2011:Peterborough 014A,E01015599,14000,14000
lsoa2011:Peterborough 014B,E01015600,300,350
lsoa2011:Peterborough 014C,E01015602,3500,4000
lsoa2011:Peterborough 014D,E01015612,600,600
lsoa2011:Peterborough 014E,E01015655,600,600
lsoa2011:Peterborough 015A,E01015598,350,350
lsoa2011:Peterborough 015B,E01015687,500,500
lsoa2011:Peterborough 015C,E01015689,3000,3500
lsoa2011:Peterborough 015D,E01015690,225,250
lsoa2011:Peterborough 015E,E01015691,6000,6000
lsoa2011:Peterborough 016A,E01015622,1000,1000
lsoa2011:Peterborough 016C,E01015665,150,150
lsoa2011:Peterborough 016D,E01015688,1750,1750
lsoa2011:Peterborough 016E,E01015692,200,225
lsoa2011:Peterborough 016F,E01033173,600,600
lsoa2011:Peterborough 016G,E01033182,75,75
lsoa2011:Peterborough 017A,E01015621,700,800
lsoa2011:Peterborough 017B,E01015623,150,150
lsoa2011:Peterborough 017C,E01015624,40,50
lsoa2011:Peterborough 017D,E01015666,175,200
lsoa2011:Peterborough 017E,E01015668,1500,1500
lsoa2011:Peterborough 018A,E01015627,450,450
lsoa2011:Peterborough 018B,E01015644,9000,9000
lsoa2011:Peterborough 018C,E01015645,500,500
lsoa2011:Peterborough 018D,E01015646,250,300
lsoa2011:Peterborough 018E,E01015648,3500,3500
lsoa2011:Peterborough 019A,E01015667,150,150
lsoa2011:Peterborough 019B,E01015669,1000,1000
lsoa2011:Peterborough 019C,E01015670,75,100
lsoa2011:Peterborough 019D,E01015671,3500,3500
lsoa2011:Peterborough 019E,E01015672,75,75
lsoa2011:Peterborough 019F,E01015673,75,75
lsoa2011:Peterborough 021A,E01015637,75,75
lsoa2011:Peterborough 021B,E01015639,225,225
lsoa2011:Peterborough 021C,E01015640,50,50
lsoa2011:Peterborough 021D,E01015641,100,100
lsoa2011:Peterborough 021E,E01015642,250,250
lsoa2011:Peterborough 021F,E01015647,3500,3500
lsoa2011:Peterborough 022A,E01015638,1250,1250
lsoa2011:Peterborough 022B,E01015650,2000,2250
lsoa2011:Peterborough 022C,E01033174,2500,2500
lsoa2011:Peterborough 022D,E01033179,3000,3000
lsoa2011:Peterborough 022E,E01033181,1250,1250
lsoa2011:Peterborough 023A,E01015643,45,45
lsoa2011:Peterborough 023B,E01033175,75,75
lsoa2011:Peterborough 023C,E01033176,600,600
lsoa2011:Peterborough 023D,E01033177,500,500
lsoa2011:Peterborough 023E,E01033178,400,400
lsoa2011:Peterborough 023F,E01033180,350,350
lsoa2011:South Cambridgeshire 001A,E01018304,450,450
lsoa2011:South Cambridgeshire 001B,E01018305,175,225
lsoa2011:South Cambridgeshire 001C,E01018306,500,500
lsoa2011:South Cambridgeshire 001D,E01018307,350,350
lsoa2011:South Cambridgeshire 002A,E01018233,900,900
lsoa2011:South Cambridgeshire 002B,E01018234,600,600
lsoa2011:South Cambridgeshire 002C,E01018235,200,225
lsoa2011:South Cambridgeshire 002D,E01018236,500,500
lsoa2011:South Cambridgeshire 003A,E01018237,700,800
lsoa2011:South Cambridgeshire 003B,E01018266,1250,1500
lsoa2011:South Cambridgeshire 003C,E01018284,1750,1750
lsoa2011:South Cambridgeshire 003D,E01018285,300,300
lsoa2011:South Cambridgeshire 004A,E01018298,200,225
lsoa2011:South Cambridgeshire 004B,E01018299,2000,2000
lsoa2011:South Cambridgeshire 004C,E01018300,2500,2500
lsoa2011:South Cambridgeshire 004D,E01018301,175,200
lsoa2011:South Cambridgeshire 005A,E01018221,100,100
lsoa2011:South Cambridgeshire 005B,E01018222,100,125
lsoa2011:South Cambridgeshire 005C,E01018223,3500,3500
lsoa2011:South Cambridgeshire 006A,E01018257,50,75
lsoa2011:South Cambridgeshire 006B,E01018258,75,100
lsoa2011:South Cambridgeshire 006C,E01018259,1250,1250
lsoa2011:South Cambridgeshire 006D,E01018260,3000,3000
lsoa2011:South Cambridgeshire 006F,E01018262,45,50
lsoa2011:South Cambridgeshire 006G,E01033120,125,150
lsoa2011:South Cambridgeshire 006H,E01033121,175,175
lsoa2011:South Cambridgeshire 007A,E01018272,500,500
lsoa2011:South Cambridgeshire 007B,E01018273,900,1000
lsoa2011:South Cambridgeshire 007C,E01018274,9000,9000
lsoa2011:South Cambridgeshire 007D,E01018297,1250,1250
lsoa2011:South Cambridgeshire 009A,E01018224,600,600
lsoa2011:South Cambridgeshire 009B,E01018225,350,400
lsoa2011:South Cambridgeshire 009C,E01018248,600,600
lsoa2011:South Cambridgeshire 009D,E01018249,400,400
lsoa2011:South Cambridgeshire 009E,E01018250,50,50
lsoa2011:South Cambridgeshire 010A,E01018231,900,1000
lsoa2011:South Cambridgeshire 010B,E01018232,400,400
lsoa2011:South Cambridgeshire 010C,E01018251,125,150
lsoa2011:South Cambridgeshire 010D,E01018252,250,250
lsoa2011:South Cambridgeshire 010E,E01018255,100,100
lsoa2011:South Cambridgeshire 011A,E01018242,75,75
lsoa2011:South Cambridgeshire 011B,E01018243,2500,2500
lsoa2011:South Cambridgeshire 011C,E01018244,900,900
lsoa2011:South Cambridgeshire 011D,E01018286,2500,2500
lsoa2011:South Cambridgeshire 011E,E01018287,75,75
lsoa2011:South Cambridgeshire 011F,E01018296,500,500
lsoa2011:South Cambridgeshire 012A,E01018292,700,700
lsoa2011:South Cambridgeshire 012B,E01018293,700,800
lsoa2011:South Cambridgeshire 012C,E01018294,900,900
lsoa2011:South Cambridgeshire 012D,E01018295,200,200
lsoa2011:South Cambridgeshire 013A,E01018245,300,350
lsoa2011:South Cambridgeshire 013B,E01018246,175,200
lsoa2011:South Cambridgeshire 013C,E01018247,700,700
lsoa2011:South Cambridgeshire 013D,E01018275,700,700
lsoa2011:South Cambridgeshire 014A,E01018240,400,500
lsoa2011:South Cambridgeshire 014B,E01018253,900,1000
lsoa2011:South Cambridgeshire 014C,E01018254,200,225
lsoa2011:South Cambridgeshire 014D,E01018256,300,350
lsoa2011:South Cambridgeshire 014E,E01018291,400,400
lsoa2011:South Cambridgeshire 015A,E01018279,300,350
lsoa2011:South Cambridgeshire 015B,E01018280,800,800
lsoa2011:South Cambridgeshire 015C,E01018281,100,125
lsoa2011:South Cambridgeshire 015D,E01018282,700,700
lsoa2011:South Cambridgeshire 015E,E01018283,700,700
lsoa2011:South Cambridgeshire 016A,E01018218,250,300
lsoa2011:South Cambridgeshire 016B,E01018219,200,200
lsoa2011:South Cambridgeshire 016C,E01018220,250,250
lsoa2011:South Cambridgeshire 016D,E01018263,1000,1000
lsoa2011:South Cambridgeshire 016E,E01018264,125,150
lsoa2011:South Cambridgeshire 016F,E01018265,300,300
lsoa2011:South Cambridgeshire 017A,E01018238,1250,1250
lsoa2011:South Cambridgeshire 017B,E01018239,400,450
lsoa2011:South Cambridgeshire 017C,E01018288,4500,4500
lsoa2011:South Cambridgeshire 017D,E01018289,5000,5000
lsoa2011:South Cambridgeshire 017E,E01018302,1250,1250
lsoa2011:South Cambridgeshire 017F,E01018303,600,700
lsoa2011:South Cambridgeshire 018A,E01018241,350,350
lsoa2011:South Cambridgeshire 018B,E01018267,1750,1750
lsoa2011:South Cambridgeshire 018C,E01018268,1500,1500
lsoa2011:South Cambridgeshire 018D,E01018269,75,75
lsoa2011:South Cambridgeshire 018E,E01018270,800,800
lsoa2011:South Cambridgeshire 018F,E01018271,500,500
lsoa2011:South Cambridgeshire 019A,E01018226,700,800
lsoa2011:South Cambridgeshire 019B,E01018227,125,150
lsoa2011:South Cambridgeshire 019C,E01018228,700,700
lsoa2011:South Cambridgeshire 019D,E01018290,450,500
lsoa2011:South Cambridgeshire 020A,E01033113,350,400
lsoa2011:South Cambridgeshire 020B,E01033114,2000,2000
lsoa2011:South Cambridgeshire 020C,E01033115,50,50
lsoa2011:South Cambridgeshire 020D,E01033117,800,800
lsoa2011:South Cambridgeshire 020E,E01033119,300,300
lsoa2011:South Cambridgeshire 021A,E01018276,2500,3000
lsoa2011:South Cambridgeshire 021B,E01018277,500,600
lsoa2011:South Cambridgeshire 021C,E01018278,600,600
lsoa2011:South Cambridgeshire 021D,E01033116,500,600
lsoa2011:South Cambridgeshire 021E,E01033118,300,300
lsoa2011:Bedford 001A,E01017540,400,400
lsoa2011:Bedford 001B,E01017541,200,225
lsoa2011:Bedford 001C,E01017544,450,450
lsoa2011:Bedford 001D,E01017545,1500,1500
lsoa2011:Bedford 002A,E01017464,200,225
lsoa2011:Bedford 002B,E01017465,225,250
lsoa2011:Bedford 002C,E01017503,600,600
lsoa2011:Bedford 002D,E01017504,300,350
lsoa2011:Bedford 002E,E01017546,225,250
lsoa2011:Bedford 002F,E01017547,300,350
lsoa2011:Bedford 003A,E01017478,1750,2000
lsoa2011:Bedford 003B,E01017479,450,500
lsoa2011:Bedford 003C,E01017480,500,500
lsoa2011:Bedford 003D,E01017481,50,50
lsoa2011:Bedford 003E,E01017528,700,700
lsoa2011:Bedford 004B,E01017495,400,450
lsoa2011:Bedford 004C,E01017496,350,450
lsoa2011:Bedford 004D,E01017542,2500,2500
lsoa2011:Bedford 004E,E01017543,800,900
lsoa2011:Bedford 004F,E01033431,175,175
lsoa2011:Bedford 004G,E01033432,400,450
lsoa2011:Bedford 005A,E01017453,350,350
lsoa2011:Bedford 005B,E01017454,75,100
lsoa2011:Bedford 005C,E01017455,150,150
lsoa2011:Bedford 005D,E01017456,450,500
lsoa2011:Bedford 005E,E01017457,250,300
lsoa2011:Bedford 005F,E01017458,35,35
lsoa2011:Bedford 006A,E01017529,125,125
lsoa2011:Bedford 006B,E01017530,100,125
lsoa2011:Bedford 006C,E01017531,30,30
lsoa2011:Bedford 006D,E01017532,300,300
lsoa2011:Bedford 006E,E01017533,500,500
lsoa2011:Bedford 006F,E01017534,50,75
lsoa2011:Bedford 007A,E01017488,250,250
lsoa2011:Bedford 007B,E01017489,75,75
lsoa2011:Bedford 007C,E01017490,1750,1750
lsoa2011:Bedford 007D,E01017491,75,75
lsoa2011:Bedford 007E,E01017492,100,100
lsoa2011:Bedford 007F,E01017493,1750,1750
lsoa2011:Bedford 008A,E01017459,75,75
lsoa2011:Bedford 008B,E01017460,400,400
lsoa2011:Bedford 008C,E01017461,600,600
lsoa2011:Bedford 008D,E01017462,300,300
lsoa2011:Bedford 008E,E01017463,250,250
lsoa2011:Bedford 009A,E01017482,800,800
lsoa2011:Bedford 009B,E01017483,350,350
lsoa2011:Bedford 009C,E01017484,1500,1750
lsoa2011:Bedford 009D,E01017485,125,125
lsoa2011:Bedford 010A,E01017497,100,100
lsoa2011:Bedford 010B,E01017498,1500,1500
lsoa2011:Bedford 010C,E01017499,3000,3000
lsoa2011:Bedford 010D,E01017500,200,200
lsoa2011:Bedford 010E,E01017501,800,800
lsoa2011:Bedford 010F,E01017502,1500,1500
lsoa2011:Bedford 011A,E01017524,600,600
lsoa2011:Bedford 011B,E01017525,800,800
lsoa2011:Bedford 011C,E01017526,75,75
lsoa2011:Bedford 011D,E01017527,1250,1250
lsoa2011:Bedford 012A,E01017466,3000,3000
lsoa2011:Bedford 012B,E01017467,300,350
lsoa2011:Bedford 012C,E01017468,200,225
lsoa2011:Bedford 012D,E01017469,4500,5000
lsoa2011:Bedford 012E,E01017470,125,150
lsoa2011:Bedford 012F,E01017471,2000,2000
lsoa2011:Bedford 013A,E01017535,450,450
lsoa2011:Bedford 013B,E01017536,75,75
lsoa2011:Bedford 013C,E01017537,50,50
lsoa2011:Bedford 013D,E01017538,400,400
lsoa2011:Bedford 013E,E01017539,150,150
lsoa2011:Bedford 014A,E01017518,400,400
lsoa2011:Bedford 014B,E01017519,500,500
lsoa2011:Bedford 014C,E01017520,5000,5000
lsoa2011:Bedford 014D,E01017521,350,350
lsoa2011:Bedford 014E,E01017522,1750,1750
lsoa2011:Bedford 014F,E01017523,100,125
lsoa2011:Bedford 015A,E01017472,350,350
lsoa2011:Bedford 015B,E01017473,6000,6000
lsoa2011:Bedford 015C,E01017474,350,350
lsoa2011:Bedford 015D,E01017475,800,800
lsoa2011:Bedford 015E,E01017476,700,700
lsoa2011:Bedford 015F,E01017477,15,20
lsoa2011:Bedford 016A,E01017509,300,300
lsoa2011:Bedford 016B,E01017510,450,500
lsoa2011:Bedford 016C,E01017511,50,50
lsoa2011:Bedford 016D,E01017512,500,500
lsoa2011:Bedford 017A,E01017505,600,600
lsoa2011:Bedford 017B,E01017506,350,350
lsoa2011:Bedford 017C,E01017507,150,150
lsoa2011:Bedford 017D,E01017508,225,250
lsoa2011:Bedford 018A,E01017513,75,75
lsoa2011:Bedford 018B,E01017514,1250,1250
lsoa2011:Bedford 018C,E01017515,250,250
lsoa2011:Bedford 018D,E01017516,4500,4500
lsoa2011:Bedford 018E,E01017517,1250,1250
lsoa2011:Bedford 019A,E01017486,900,900
lsoa2011:Bedford 019B,E01017487,75,75
lsoa2011:Bedford 019C,E01017548,1250,1250
lsoa2011:Bedford 019D,E01017549,100,100
lsoa2011:Bedford 019E,E01017550,900,900
lsoa2011:Bedford 020A,E01017551,300,300
lsoa2011:Bedford 020B,E01017552,1250,1250
lsoa2011:Bedford 020C,E01017553,175,175
lsoa2011:Bedford 020D,E01017554,250,250
lsoa2011:Central Bedfordshire 001A,E01017433,35,35
lsoa2011:Central Bedfordshire 001B,E01017434,40,45
lsoa2011:Central Bedfordshire 001C,E01017436,700,700
lsoa2011:Central Bedfordshire 002A,E01017430,450,450
lsoa2011:Central Bedfordshire 002B,E01017431,1250,1250
lsoa2011:Central Bedfordshire 002C,E01017432,225,225
lsoa2011:Central Bedfordshire 002D,E01017435,1250,1500
lsoa2011:Central Bedfordshire 003A,E01017425,250,300
lsoa2011:Central Bedfordshire 003B,E01017426,175,200
lsoa2011:Central Bedfordshire 003C,E01017427,500,500
lsoa2011:Central Bedfordshire 003D,E01017428,100,125
lsoa2011:Central Bedfordshire 003E,E01017429,300,300
lsoa2011:Central Bedfordshire 004A,E01017412,600,600
lsoa2011:Central Bedfordshire 004B,E01017422,600,600
lsoa2011:Central Bedfordshire 004C,E01017423,1750,2000
lsoa2011:Central Bedfordshire 004D,E01017424,700,700
lsoa2011:Central Bedfordshire 005A,E01017383,175,200
lsoa2011:Central Bedfordshire 005B,E01017384,350,350
lsoa2011:Central Bedfordshire 005C,E01017385,2250,2500
lsoa2011:Central Bedfordshire 005D,E01017386,400,400
lsoa2011:Central Bedfordshire 005E,E01017387,75,75
lsoa2011:Central Bedfordshire 005F,E01017388,75,100
lsoa2011:Central Bedfordshire 006A,E01017381,700,700
lsoa2011:Central Bedfordshire 006B,E01017382,400,400
lsoa2011:Central Bedfordshire 006C,E01017389,2000,2000
lsoa2011:Central Bedfordshire 006D,E01017390,500,500
lsoa2011:Central Bedfordshire 007A,E01017379,700,700
lsoa2011:Central Bedfordshire 007B,E01017380,500,600
lsoa2011:Central Bedfordshire 007C,E01017394,75,100
lsoa2011:Central Bedfordshire 007F,E01017397,400,450
lsoa2011:Central Bedfordshire 007G,E01033194,8000,8000
lsoa2011:Central Bedfordshire 008A,E01017410,350,400
lsoa2011:Central Bedfordshire 008B,E01017411,900,900
lsoa2011:Central Bedfordshire 008C,E01017419,600,600
lsoa2011:Central Bedfordshire 008D,E01017420,225,250
lsoa2011:Central Bedfordshire 008E,E01017421,225,250
lsoa2011:Central Bedfordshire 009A,E01017416,400,450
lsoa2011:Central Bedfordshire 009B,E01017417,350,350
lsoa2011:Central Bedfordshire 009C,E01017418,250,300
lsoa2011:Central Bedfordshire 009D,E01017451,500,600
lsoa2011:Central Bedfordshire 009E,E01017452,450,450
lsoa2011:Central Bedfordshire 010A,E01017376,500,600
lsoa2011:Central Bedfordshire 010B,E01017377,400,450
lsoa2011:Central Bedfordshire 010C,E01017378,175,175
lsoa2011:Central Bedfordshire 010D,E01017413,350,350
lsoa2011:Central Bedfordshire 010E,E01017414,200,225
lsoa2011:Central Bedfordshire 010F,E01017415,450,450
lsoa2011:Central Bedfordshire 011A,E01017437,500,500
lsoa2011:Central Bedfordshire 011B,E01017438,225,250
lsoa2011:Central Bedfordshire 011C,E01017439,400,400
lsoa2011:Central Bedfordshire 011D,E01017440,600,600
lsoa2011:Central Bedfordshire 011E,E01017441,1250,1250
lsoa2011:Central Bedfordshire 011F,E01017444,600,600
lsoa2011:Central Bedfordshire 012A,E01017371,450,500
lsoa2011:Central Bedfordshire 012B,E01017372,100,100
lsoa2011:Central Bedfordshire 012C,E01017373,4000,4000
lsoa2011:Central Bedfordshire 012D,E01017374,600,600
lsoa2011:Central Bedfordshire 012E,E01017375,1000,1000
lsoa2011:Central Bedfordshire 013A,E01017391,75,100
lsoa2011:Central Bedfordshire 013B,E01017392,600,700
lsoa2011:Central Bedfordshire 013C,E01017393,450,500
lsoa2011:Central Bedfordshire 013D,E01017442,300,350
lsoa2011:Central Bedfordshire 013E,E01017443,700,700
lsoa2011:Central Bedfordshire 014A,E01017446,150,175
lsoa2011:Central Bedfordshire 014B,E01017447,400,400
lsoa2011:Central Bedfordshire 014D,E01017449,400,400
lsoa2011:Central Bedfordshire 014E,E01033188,100,125
lsoa2011:Central Bedfordshire 014F,E01033189,200,200
lsoa2011:Central Bedfordshire 014G,E01033190,150,175
lsoa2011:Central Bedfordshire 015A,E01017399,75,100
lsoa2011:Central Bedfordshire 015B,E01017400,800,800
lsoa2011:Central Bedfordshire 015C,E01017401,450,500
lsoa2011:Central Bedfordshire 015D,E01017402,450,450
lsoa2011:Central Bedfordshire 016A,E01017403,200,200
lsoa2011:Central Bedfordshire 016B,E01017404,75,75
lsoa2011:Central Bedfordshire 016C,E01017405,450,500
lsoa2011:Central Bedfordshire 016D,E01017406,600,600
lsoa2011:Central Bedfordshire 016E,E01017407,500,500
lsoa2011:Central Bedfordshire 017A,E01017398,600,600
lsoa2011:Central Bedfordshire 017B,E01017408,100,125
lsoa2011:Central Bedfordshire 017C,E01017409,300,300
lsoa2011:Central Bedfordshire 017D,E01017445,1250,1250
lsoa2011:Central Bedfordshire 017E,E01017450,450,450
lsoa2011:Central Bedfordshire 018A,E01017558,250,300
lsoa2011:Central Bedfordshire 018B,E01017559,1000,1000
lsoa2011:Central Bedfordshire 018C,E01017560,100,125
lsoa2011:Central Bedfordshire 018D,E01017616,400,450
lsoa2011:Central Bedfordshire 019A,E01017577,4500,4500
lsoa2011:Central Bedfordshire 019B,E01017615,900,900
lsoa2011:Central Bedfordshire 019C,E01017620,1000,1250
lsoa2011:Central Bedfordshire 019D,E01017621,175,175
lsoa2011:Central Bedfordshire 019E,E01017622,500,500
lsoa2011:Central Bedfordshire 020A,E01017603,250,250
lsoa2011:Central Bedfordshire 020B,E01017604,125,125
lsoa2011:Central Bedfordshire 020C,E01017605,30,30
lsoa2011:Central Bedfordshire 020D,E01017606,350,400
lsoa2011:Central Bedfordshire 020E,E01017607,300,300
lsoa2011:Central Bedfordshire 021A,E01017555,3000,3500
lsoa2011:Central Bedfordshire 021B,E01017556,125,125
lsoa2011:Central Bedfordshire 021C,E01017557,1250,1500
lsoa2011:Central Bedfordshire 021D,E01017608,75,100
lsoa2011:Central Bedfordshire 021E,E01017609,100,100
lsoa2011:Central Bedfordshire 022A,E01017589,250,300
lsoa2011:Central Bedfordshire 022B,E01017590,250,250
lsoa2011:Central Bedfordshire 022C,E01017591,450,450
lsoa2011:Central Bedfordshire 022D,E01017610,125,125
lsoa2011:Central Bedfordshire 023A,E01017611,125,125
lsoa2011:Central Bedfordshire 023B,E01017612,75,75
lsoa2011:Central Bedfordshire 023C,E01017613,100,100
lsoa2011:Central Bedfordshire 023D,E01017614,50,75
lsoa2011:Central Bedfordshire 024A,E01017573,250,300
lsoa2011:Central Bedfordshire 024C,E01017575,4000,4000
lsoa2011:Central Bedfordshire 024D,E01017576,150,150
lsoa2011:Central Bedfordshire 024E,E01033191,35,40
lsoa2011:Central Bedfordshire 024F,E01033192,45,50
lsoa2011:Central Bedfordshire 024G,E01033193,2000,2250
lsoa2011:Central Bedfordshire 025A,E01017600,125,125
lsoa2011:Central Bedfordshire 025B,E01017601,450,450
lsoa2011:Central Bedfordshire 025C,E01017602,100,100
lsoa2011:Central Bedfordshire 025D,E01017618,125,125
lsoa2011:Central Bedfordshire 025E,E01017619,100,125
lsoa2011:Central Bedfordshire 026A,E01017578,1750,1750
lsoa2011:Central Bedfordshire 026B,E01017579,125,125
lsoa2011:Central Bedfordshire 026C,E01017580,75,75
lsoa2011:Central Bedfordshire 026D,E01017581,6000,7000
lsoa2011:Central Bedfordshire 026E,E01017617,75,75
lsoa2011:Central Bedfordshire 027A,E01017582,150,175
lsoa2011:Central Bedfordshire 027B,E01017583,800,800
lsoa2011:Central Bedfordshire 027C,E01017584,7000,7000
lsoa2011:Central Bedfordshire 027D,E01017585,50,50
lsoa2011:Central Bedfordshire 028A,E01017566,175,225
lsoa2011:Central Bedfordshire 028B,E01017595,250,300
lsoa2011:Central Bedfordshire 028C,E01017596,175,200
lsoa2011:Central Bedfordshire 028D,E01017597,50,75
lsoa2011:Central Bedfordshire 028E,E01017598,100,100
lsoa2011:Central Bedfordshire 028F,E01017599,1000,1000
lsoa2011:Central Bedfordshire 029A,E01017565,500,600
lsoa2011:Central Bedfordshire 029B,E01017567,350,350
lsoa2011:Central Bedfordshire 029C,E01017568,1750,1750
lsoa2011:Central Bedfordshire 029D,E01017569,600,600
lsoa2011:Central Bedfordshire 029E,E01017570,1750,1750
lsoa2011:Central Bedfordshire 030A,E01017592,350,400
lsoa2011:Central Bedfordshire 030B,E01017593,200,200
lsoa2011:Central Bedfordshire 030C,E01017594,100,100
lsoa2011:Central Bedfordshire 031A,E01017623,500,500
lsoa2011:Central Bedfordshire 031B,E01017624,700,700
lsoa2011:Central Bedfordshire 031C,E01017625,175,175
lsoa2011:Central Bedfordshire 031D,E01017626,250,250
lsoa2011:Central Bedfordshire 032A,E01017571,125,125
lsoa2011:Central Bedfordshire 032B,E01017572,300,300
lsoa2011:Central Bedfordshire 032C,E01017586,350,350
lsoa2011:Central Bedfordshire 032D,E01017587,500,600
lsoa2011:Central Bedfordshire 032E,E01017588,175,200
lsoa2011:Central Bedfordshire 033A,E01017561,600,600
lsoa2011:Central Bedfordshire 033B,E01017562,200,200
lsoa2011:Central Bedfordshire 033C,E01017563,250,250
lsoa2011:Central Bedfordshire 033D,E01017564,1750,1750
lsoa2011:East Northamptonshire 001A,E01027033,500,500
lsoa2011:East Northamptonshire 001B,E01027043,1000,1000
lsoa2011:East Northamptonshire 001C,E01027050,700,700
lsoa2011:East Northamptonshire 002A,E01027031,700,800
lsoa2011:East Northamptonshire 002B,E01027044,450,500
lsoa2011:East Northamptonshire 002C,E01027046,100,100
lsoa2011:East Northamptonshire 002D,E01027047,50,75
lsoa2011:East Northamptonshire 002E,E01027048,1500,1500
lsoa2011:East Northamptonshire 002F,E01027049,1500,1500
lsoa2011:East Northamptonshire 003A,E01027032,1250,1250
lsoa2011:East Northamptonshire 003B,E01027045,250,300
lsoa2011:East Northamptonshire 003C,E01027075,175,175
lsoa2011:East Northamptonshire 003D,E01027076,1000,1000
lsoa2011:East Northamptonshire 003E,E01027077,2250,2500
lsoa2011:East Northamptonshire 004A,E01027057,600,600
lsoa2011:East Northamptonshire 004B,E01027074,400,400
lsoa2011:East Northamptonshire 004C,E01027078,600,600
lsoa2011:East Northamptonshire 005A,E01027051,300,300
lsoa2011:East Northamptonshire 005B,E01027052,75,75
lsoa2011:East Northamptonshire 005C,E01027053,400,400
lsoa2011:East Northamptonshire 005D,E01027054,1250,1250
lsoa2011:East Northamptonshire 005E,E01027055,300,350
lsoa2011:East Northamptonshire 005F,E01027056,200,200
lsoa2011:East Northamptonshire 006A,E01027038,450,500
lsoa2011:East Northamptonshire 006B,E01027039,1000,1000
lsoa2011:East Northamptonshire 006C,E01027040,75,100
lsoa2011:East Northamptonshire 006D,E01027041,350,350
lsoa2011:East Northamptonshire 006E,E01027042,75,75
lsoa2011:East Northamptonshire 007A,E01027034,900,900
lsoa2011:East Northamptonshire 007B,E01027035,350,350
lsoa2011:East Northamptonshire 007D,E01027037,350,350
lsoa2011:East Northamptonshire 007E,E01033244,100,125
lsoa2011:East Northamptonshire 007F,E01033245,400,450
lsoa2011:East Northamptonshire 008A,E01027061,400,400
lsoa2011:East Northamptonshire 008B,E01027062,1250,1250
lsoa2011:East Northamptonshire 008C,E01027063,4500,4500
lsoa2011:East Northamptonshire 008D,E01027064,800,800
lsoa2011:East Northamptonshire 008E,E01027072,50,50
lsoa2011:East Northamptonshire 008F,E01027073,500,500
lsoa2011:East Northamptonshire 009A,E01027058,175,225
lsoa2011:East Northamptonshire 009B,E01027059,350,350
lsoa2011:East Northamptonshire 009C,E01027060,800,800
lsoa2011:East Northamptonshire 009D,E01027065,1000,1000
lsoa2011:East Northamptonshire 009E,E01027069,450,500
lsoa2011:East Northamptonshire 010A,E01027066,250,250
lsoa2011:East Northamptonshire 010B,E01027067,250,250
lsoa2011:East Northamptonshire 010C,E01027068,175,175
lsoa2011:East Northamptonshire 010D,E01027070,175,175
lsoa2011:East Northamptonshire 010E,E01027071,35,35
lsoa2011:Forest Heath 001A,E01029926,15,25
lsoa2011:Forest Heath 001B,E01029927,1000,1000
lsoa2011:Forest Heath 001C,E01029928,2250,2250
lsoa2011:Forest Heath 001D,E01029929,700,700
lsoa2011:Forest Heath 001E,E01029930,600,700
lsoa2011:Forest Heath 002C,E01029942,125,125
lsoa2011:Forest Heath 002E,E01029944,40,50
lsoa2011:Forest Heath 002F,E01033453,900,1000
lsoa2011:Forest Heath 003E,E01029945,500,600
lsoa2011:Forest Heath 003F,E01032523,200,225
lsoa2011:Forest Heath 003G,E01032524,150,150
lsoa2011:Forest Heath 003H,E01032525,225,250
lsoa2011:Forest Heath 003I,E01032526,200,225
lsoa2011:Forest Heath 004A,E01029938,100,100
lsoa2011:Forest Heath 004B,E01029939,600,700
lsoa2011:Forest Heath 004C,E01029940,1500,1500
lsoa2011:Forest Heath 004D,E01029946,350,350
lsoa2011:Forest Heath 004E,E01029947,1000,1000
lsoa2011:Forest Heath 005A,E01029941,500,500
lsoa2011:Forest Heath 005C,E01029957,1250,1250
lsoa2011:Forest Heath 005D,E01033451,100,100
lsoa2011:Forest Heath 005E,E01033452,450,450
lsoa2011:Forest Heath 005F,E01033454,200,225
lsoa2011:Forest Heath 006A,E01029937,500,500
lsoa2011:Forest Heath 006B,E01029953,3500,3500
lsoa2011:Forest Heath 006C,E01029954,3000,3500
lsoa2011:Forest Heath 006D,E01029955,200,200
lsoa2011:Forest Heath 006E,E01029956,50,75
lsoa2011:Forest Heath 008A,E01029925,1500,1750
lsoa2011:Forest Heath 008B,E01029949,300,300
lsoa2011:Forest Heath 008C,E01029950,500,500
lsoa2011:Forest Heath 008D,E01029951,450,450
lsoa2011:Forest Heath 008E,E01029952,500,500
lsoa2011:Forest Heath 008F,E01032612,500,500
lsoa2011:King's Lynn and West Norfolk 001A,E01026680,150,150
lsoa2011:King's Lynn and West Norfolk 001B,E01026681,600,600
lsoa2011:King's Lynn and West Norfolk 001C,E01026682,350,400
lsoa2011:King's Lynn and West Norfolk 001D,E01026683,1000,1250
lsoa2011:King's Lynn and West Norfolk 002A,E01026645,500,500
lsoa2011:King's Lynn and West Norfolk 002B,E01026646,500,600
lsoa2011:King's Lynn and West Norfolk 002C,E01026656,1500,1500
lsoa2011:King's Lynn and West Norfolk 002D,E01026695,350,400
lsoa2011:King's Lynn and West Norfolk 003A,E01026676,450,450
lsoa2011:King's Lynn and West Norfolk 003B,E01026677,225,225
lsoa2011:King's Lynn and West Norfolk 003C,E01026678,350,350
lsoa2011:King's Lynn and West Norfolk 003D,E01026701,75,100
lsoa2011:King's Lynn and West Norfolk 003E,E01026702,250,250
lsoa2011:King's Lynn and West Norfolk 003F,E01026703,300,300
lsoa2011:King's Lynn and West Norfolk 004A,E01026653,175,200
lsoa2011:King's Lynn and West Norfolk 004B,E01026654,250,250
lsoa2011:King's Lynn and West Norfolk 004C,E01026655,225,225
lsoa2011:King's Lynn and West Norfolk 004D,E01026718,800,800
lsoa2011:King's Lynn and West Norfolk 005A,E01026691,125,150
lsoa2011:King's Lynn and West Norfolk 005B,E01026692,75,100
lsoa2011:King's Lynn and West Norfolk 005C,E01026708,150,150
lsoa2011:King's Lynn and West Norfolk 005D,E01026709,175,200
lsoa2011:King's Lynn and West Norfolk 005E,E01026710,500,500
lsoa2011:King's Lynn and West Norfolk 006A,E01026669,250,300
lsoa2011:King's Lynn and West Norfolk 006B,E01026670,45,45
lsoa2011:King's Lynn and West Norfolk 006C,E01026671,150,150
lsoa2011:King's Lynn and West Norfolk 006D,E01026672,150,175
lsoa2011:King's Lynn and West Norfolk 006E,E01026673,30,40
lsoa2011:King's Lynn and West Norfolk 007A,E01026687,200,225
lsoa2011:King's Lynn and West Norfolk 007B,E01026688,1750,1750
lsoa2011:King's Lynn and West Norfolk 007C,E01026689,75,100
lsoa2011:King's Lynn and West Norfolk 007D,E01026690,2000,2000
lsoa2011:King's Lynn and West Norfolk 008A,E01026647,150,150
lsoa2011:King's Lynn and West Norfolk 008B,E01026711,75,125
lsoa2011:King's Lynn and West Norfolk 008C,E01026712,400,450
lsoa2011:King's Lynn and West Norfolk 008D,E01026713,400,400
lsoa2011:King's Lynn and West Norfolk 009A,E01026666,200,200
lsoa2011:King's Lynn and West Norfolk 009B,E01026667,600,700
lsoa2011:King's Lynn and West Norfolk 009C,E01026668,1000,1000
lsoa2011:King's Lynn and West Norfolk 009D,E01026693,450,500
lsoa2011:King's Lynn and West Norfolk 010A,E01026662,50,75
lsoa2011:King's Lynn and West Norfolk 010B,E01026663,75,100
lsoa2011:King's Lynn and West Norfolk 010C,E01026664,250,250
lsoa2011:King's Lynn and West Norfolk 010D,E01026714,4000,4000
lsoa2011:King's Lynn and West Norfolk 011A,E01026698,4500,4500
lsoa2011:King's Lynn and West Norfolk 011B,E01026699,3500,3500
lsoa2011:King's Lynn and West Norfolk 011C,E01026700,400,400
lsoa2011:King's Lynn and West Norfolk 011D,E01026704,4500,4500
lsoa2011:King's Lynn and West Norfolk 011E,E01026705,500,600
lsoa2011:King's Lynn and West Norfolk 011F,E01026706,2500,3000
lsoa2011:King's Lynn and West Norfolk 012A,E01026665,600,700
lsoa2011:King's Lynn and West Norfolk 012B,E01026674,200,225
lsoa2011:King's Lynn and West Norfolk 012C,E01026675,125,175
lsoa2011:King's Lynn and West Norfolk 012D,E01026694,1250,1250
lsoa2011:King's Lynn and West Norfolk 013A,E01026684,300,300
lsoa2011:King's Lynn and West Norfolk 013B,E01026685,250,250
lsoa2011:King's Lynn and West Norfolk 013C,E01026719,200,225
lsoa2011:King's Lynn and West Norfolk 013D,E01026720,700,700
lsoa2011:King's Lynn and West Norfolk 013E,E01026721,350,400
lsoa2011:King's Lynn and West Norfolk 014A,E01026642,150,150
lsoa2011:King's Lynn and West Norfolk 014B,E01026643,300,350
lsoa2011:King's Lynn and West Norfolk 014C,E01026644,700,700
lsoa2011:King's Lynn and West Norfolk 014D,E01026723,500,500
lsoa2011:King's Lynn and West Norfolk 014E,E01026724,900,900
lsoa2011:King's Lynn and West Norfolk 014F,E01026725,300,300
lsoa2011:King's Lynn and West Norfolk 015A,E01026696,200,200
lsoa2011:King's Lynn and West Norfolk 015B,E01026697,200,225
lsoa2011:King's Lynn and West Norfolk 015C,E01026722,125,150
lsoa2011:King's Lynn and West Norfolk 015D,E01026726,300,350
lsoa2011:King's Lynn and West Norfolk 016A,E01026659,250,300
lsoa2011:King's Lynn and West Norfolk 016B,E01026660,450,450
lsoa2011:King's Lynn and West Norfolk 016C,E01026661,250,300
lsoa2011:King's Lynn and West Norfolk 016D,E01026715,175,200
lsoa2011:King's Lynn and West Norfolk 016E,E01026716,350,400
lsoa2011:King's Lynn and West Norfolk 016F,E01026717,250,300
lsoa2011:King's Lynn and West Norfolk 017C,E01026686,200,200
lsoa2011:King's Lynn and West Norfolk 017D,E01026707,900,900
lsoa2011:King's Lynn and West Norfolk 017E,E01033036,450,450
lsoa2011:King's Lynn and West Norfolk 017F,E01033037,15,15
lsoa2011:King's Lynn and West Norfolk 017G,E01033038,1000,1000
lsoa2011:King's Lynn and West Norfolk 017H,E01033039,500,500
lsoa2011:King's Lynn and West Norfolk 018A,E01026679,300,350
lsoa2011:King's Lynn and West Norfolk 018B,E01026727,1250,1250
lsoa2011:King's Lynn and West Norfolk 018C,E01026728,300,350
lsoa2011:King's Lynn and West Norfolk 019A,E01026648,225,250
lsoa2011:King's Lynn and West Norfolk 019B,E01026649,200,200
lsoa2011:King's Lynn and West Norfolk 019C,E01026650,450,500
lsoa2011:King's Lynn and West Norfolk 019D,E01026651,900,1000
lsoa2011:King's Lynn and West Norfolk 019E,E01026652,125,150
lsoa2011:North Hertfordshire 001A,E01023660,1250,1500
lsoa2011:North Hertfordshire 001B,E01023661,125,150
lsoa2011:North Hertfordshire 001C,E01023662,100,100
lsoa2011:North Hertfordshire 002A,E01023654,50,50
lsoa2011:North Hertfordshire 002B,E01023655,1250,1250
lsoa2011:North Hertfordshire 002C,E01023656,4000,4000
lsoa2011:North Hertfordshire 002D,E01023657,350,350
lsoa2011:North Hertfordshire 002E,E01023658,200,200
lsoa2011:North Hertfordshire 002F,E01023659,250,300
lsoa2011:North Hertfordshire 003A,E01023635,150,150
lsoa2011:North Hertfordshire 003B,E01023636,175,200
lsoa2011:North Hertfordshire 003C,E01023637,150,150
lsoa2011:North Hertfordshire 003D,E01023638,75,75
lsoa2011:North Hertfordshire 004A,E01023587,25,30
lsoa2011:North Hertfordshire 004B,E01023588,125,125
lsoa2011:North Hertfordshire 004C,E01023589,1000,1000
lsoa2011:North Hertfordshire 004D,E01023590,200,200
lsoa2011:North Hertfordshire 004E,E01023591,350,350
lsoa2011:North Hertfordshire 004F,E01023592,900,1000
lsoa2011:North Hertfordshire 004G,E01023593,225,225
lsoa2011:North Hertfordshire 005A,E01023585,800,900
lsoa2011:North Hertfordshire 005B,E01023586,400,400
lsoa2011:North Hertfordshire 005C,E01023597,400,450
lsoa2011:North Hertfordshire 005D,E01023598,600,600
lsoa2011:North Hertfordshire 005F,E01023600,500,600
lsoa2011:North Hertfordshire 005G,E01023663,800,900
lsoa2011:North Hertfordshire 005H,E01033024,125,125
lsoa2011:North Hertfordshire 005I,E01033025,125,125
lsoa2011:North Hertfordshire 005J,E01033026,300,300
lsoa2011:North Hertfordshire 005K,E01033027,175,175
lsoa2011:North Hertfordshire 006A,E01023630,2250,2250
lsoa2011:North Hertfordshire 006B,E01023631,900,1000
lsoa2011:North Hertfordshire 006C,E01023632,1250,1250
lsoa2011:North Hertfordshire 006D,E01023633,4500,4500
lsoa2011:North Hertfordshire 006E,E01023634,700,700
lsoa2011:North Hertfordshire 007A,E01023649,700,800
lsoa2011:North Hertfordshire 007B,E01023650,150,150
lsoa2011:North Hertfordshire 007C,E01023651,125,125
lsoa2011:North Hertfordshire 007D,E01023652,100,100
lsoa2011:North Hertfordshire 008A,E01023644,2000,2000
lsoa2011:North Hertfordshire 008B,E01023645,1000,1000
lsoa2011:North Hertfordshire 008C,E01023646,75,75
lsoa2011:North Hertfordshire 008D,E01023647,150,150
lsoa2011:North Hertfordshire 008E,E01023648,800,900
lsoa2011:North Hertfordshire 009A,E01023639,250,250
lsoa2011:North Hertfordshire 009B,E01023640,200,200
lsoa2011:North Hertfordshire 009C,E01023641,150,175
lsoa2011:North Hertfordshire 009D,E01023642,125,150
lsoa2011:North Hertfordshire 009E,E01023643,200,200
lsoa2011:North Hertfordshire 010A,E01023601,1000,1000
lsoa2011:North Hertfordshire 010B,E01023602,500,500
lsoa2011:North Hertfordshire 010C,E01023603,500,500
lsoa2011:North Hertfordshire 010D,E01023604,400,400
lsoa2011:North Hertfordshire 010E,E01023605,4500,4500
lsoa2011:North Hertfordshire 011A,E01023617,150,150
lsoa2011:North Hertfordshire 011B,E01023618,200,200
lsoa2011:North Hertfordshire 011C,E01023619,350,350
lsoa2011:North Hertfordshire 011D,E01023620,75,75
lsoa2011:North Hertfordshire 011E,E01023621,50,50
lsoa2011:North Hertfordshire 012A,E01023611,45,50
lsoa2011:North Hertfordshire 012B,E01023612,225,250
lsoa2011:North Hertfordshire 012C,E01023613,100,100
lsoa2011:North Hertfordshire 012D,E01023614,150,150
lsoa2011:North Hertfordshire 012E,E01023615,700,800
lsoa2011:North Hertfordshire 012F,E01023616,6000,6000
lsoa2011:North Hertfordshire 013A,E01023606,300,300
lsoa2011:North Hertfordshire 013B,E01023607,100,100
lsoa2011:North Hertfordshire 013C,E01023608,125,175
lsoa2011:North Hertfordshire 013D,E01023609,450,450
lsoa2011:North Hertfordshire 013E,E01023610,800,800
lsoa2011:North Hertfordshire 014A,E01023594,350,400
lsoa2011:North Hertfordshire 014B,E01023622,600,600
lsoa2011:North Hertfordshire 014C,E01023623,450,500
lsoa2011:North Hertfordshire 014D,E01023624,250,250
lsoa2011:North Hertfordshire 014E,E01023625,350,350
lsoa2011:North Hertfordshire 014F,E01023653,350,400
lsoa2011:North Hertfordshire 015A,E01023595,300,300
lsoa2011:North Hertfordshire 015B,E01023596,100,100
lsoa2011:North Hertfordshire 015C,E01023626,400,400
lsoa2011:North Hertfordshire 015D,E01023627,700,800
lsoa2011:North Hertfordshire 015E,E01023628,600,600
lsoa2011:North Hertfordshire 015F,E01023629,250,250
lsoa2011:South Holland 001A,E01026242,600,600
lsoa2011:South Holland 001B,E01026243,450,450
lsoa2011:South Holland 001C,E01026244,350,400
lsoa2011:South Holland 001D,E01026247,400,450
lsoa2011:South Holland 001E,E01026276,300,350
lsoa2011:South Holland 002A,E01026246,300,350
lsoa2011:South Holland 002B,E01026248,3000,3000
lsoa2011:South Holland 002C,E01026257,125,125
lsoa2011:South Holland 003A,E01026250,600,600
lsoa2011:South Holland 003B,E01026251,125,150
lsoa2011:South Holland 003C,E01026252,900,900
lsoa2011:South Holland 003D,E01026253,125,125
lsoa2011:South Holland 004A,E01026281,600,600
lsoa2011:South Holland 004B,E01026282,600,600
lsoa2011:South Holland 004C,E01026283,350,350
lsoa2011:South Holland 004D,E01026285,150,175
lsoa2011:South Holland 004E,E01026286,225,250
lsoa2011:South Holland 005A,E01026241,600,600
lsoa2011:South Holland 005B,E01026258,7000,7000
lsoa2011:South Holland 005C,E01026259,400,450
lsoa2011:South Holland 005D,E01026260,250,300
lsoa2011:South Holland 006B,E01026266,1500,1750
lsoa2011:South Holland 006C,E01026273,125,125
lsoa2011:South Holland 006D,E01026274,175,175
lsoa2011:South Holland 006E,E01026275,125,150
lsoa2011:South Holland 006F,E01032995,3000,3000
lsoa2011:South Holland 006G,E01032996,3000,3000
lsoa2011:South Holland 007A,E01026268,400,400
lsoa2011:South Holland 007B,E01026269,800,800
lsoa2011:South Holland 007C,E01026270,2250,2250
lsoa2011:South Holland 007D,E01026271,50,75
lsoa2011:South Holland 007E,E01026272,350,350
lsoa2011:South Holland 008A,E01026254,350,400
lsoa2011:South Holland 008B,E01026255,700,700
lsoa2011:South Holland 008C,E01026256,700,700
lsoa2011:South Holland 008D,E01026277,300,300
lsoa2011:South Holland 008E,E01026278,1500,1500
lsoa2011:South Holland 008F,E01026279,125,125
lsoa2011:South Holland 009A,E01026262,250,300
lsoa2011:South Holland 009B,E01026263,100,125
lsoa2011:South Holland 009C,E01026264,100,125
lsoa2011:South Holland 009D,E01026265,350,350
lsoa2011:South Holland 009E,E01026267,300,350
lsoa2011:South Holland 010A,E01026245,1000,1000
lsoa2011:South Holland 010B,E01026249,250,300
lsoa2011:South Holland 010C,E01026280,225,250
lsoa2011:South Holland 011A,E01026239,450,450
lsoa2011:South Holland 011B,E01026240,300,300
lsoa2011:South Holland 011C,E01026284,350,350
lsoa2011:St Edmundsbury 001A,E01030095,175,200
lsoa2011:St Edmundsbury 001B,E01030096,350,350
lsoa2011:St Edmundsbury 001C,E01030097,125,150
lsoa2011:St Edmundsbury 001D,E01030145,300,350
lsoa2011:St Edmundsbury 001E,E01030146,500,600
lsoa2011:St Edmundsbury 002A,E01030094,300,300
lsoa2011:St Edmundsbury 002B,E01030121,450,500
lsoa2011:St Edmundsbury 002C,E01030132,350,350
lsoa2011:St Edmundsbury 002D,E01030133,175,200
lsoa2011:St Edmundsbury 003A,E01030130,700,700
lsoa2011:St Edmundsbury 003B,E01030131,45,50
lsoa2011:St Edmundsbury 003C,E01030139,125,150
lsoa2011:St Edmundsbury 003D,E01030140,35,40
lsoa2011:St Edmundsbury 003E,E01030141,100,100
lsoa2011:St Edmundsbury 004A,E01030103,16000,16000
lsoa2011:St Edmundsbury 004B,E01030104,450,500
lsoa2011:St Edmundsbury 004C,E01030138,1500,1500
lsoa2011:St Edmundsbury 005B,E01030127,300,300
lsoa2011:St Edmundsbury 005C,E01030128,100,100
lsoa2011:St Edmundsbury 005D,E01030129,1750,1750
lsoa2011:St Edmundsbury 005E,E01033044,40,40
lsoa2011:St Edmundsbury 005F,E01033045,175,175
lsoa2011:St Edmundsbury 005G,E01033050,2250,2250
lsoa2011:St Edmundsbury 006A,E01030091,6000,7000
lsoa2011:St Edmundsbury 006B,E01030093,900,1000
lsoa2011:St Edmundsbury 006D,E01030137,1000,1000
lsoa2011:St Edmundsbury 006E,E01033043,500,500
lsoa2011:St Edmundsbury 006F,E01033046,1250,1250
lsoa2011:St Edmundsbury 006G,E01033047,1000,1000
lsoa2011:St Edmundsbury 007A,E01030092,700,800
lsoa2011:St Edmundsbury 007B,E01030123,50,75
lsoa2011:St Edmundsbury 007C,E01030124,3000,3000
lsoa2011:St Edmundsbury 007D,E01030125,125,150
lsoa2011:St Edmundsbury 007E,E01030148,250,300
lsoa2011:St Edmundsbury 007F,E01030149,40,40
lsoa2011:St Edmundsbury 008A,E01030098,1750,2000
lsoa2011:St Edmundsbury 008B,E01030100,600,600
lsoa2011:St Edmundsbury 008C,E01030119,500,600
lsoa2011:St Edmundsbury 008D,E01030134,350,400
lsoa2011:St Edmundsbury 008E,E01030135,1250,1250
lsoa2011:St Edmundsbury 009B,E01030142,5000,5000
lsoa2011:St Edmundsbury 009C,E01030143,225,225
lsoa2011:St Edmundsbury 009D,E01030144,250,250
lsoa2011:St Edmundsbury 009E,E01030147,450,450
lsoa2011:St Edmundsbury 009F,E01033048,3500,3500
lsoa2011:St Edmundsbury 009G,E01033049,700,800
lsoa2011:St Edmundsbury 010A,E01030099,300,350
lsoa2011:St Edmundsbury 010B,E01030101,500,500
lsoa2011:St Edmundsbury 010C,E01030150,400,450
lsoa2011:St Edmundsbury 011A,E01030120,1000,1000
lsoa2011:St Edmundsbury 011B,E01030122,400,400
lsoa2011:St Edmundsbury 011C,E01030151,700,700
lsoa2011:St Edmundsbury 012A,E01030109,25,25
lsoa2011:St Edmundsbury 012B,E01030110,250,250
lsoa2011:St Edmundsbury 012C,E01030111,100,100
lsoa2011:St Edmundsbury 012D,E01030112,600,700
lsoa2011:St Edmundsbury 013A,E01030115,50,50
lsoa2011:St Edmundsbury 013B,E01030116,600,600
lsoa2011:St Edmundsbury 013C,E01030117,225,250
lsoa2011:St Edmundsbury 013D,E01030118,125,150
lsoa2011:St Edmundsbury 014A,E01030105,250,250
lsoa2011:St Edmundsbury 014B,E01030106,1500,1500
lsoa2011:St Edmundsbury 014C,E01030107,75,75
lsoa2011:St Edmundsbury 014D,E01030108,1000,1000
lsoa2011:St Edmundsbury 014E,E01030113,3500,3500
lsoa2011:St Edmundsbury 014F,E01030114,1250,1250
lsoa2011:Uttlesford 001A,E01022057,300,300
lsoa2011:Uttlesford 001B,E01022075,1250,1250
lsoa2011:Uttlesford 001C,E01022077,300,300
lsoa2011:Uttlesford 001D,E01022094,2250,2250
lsoa2011:Uttlesford 002A,E01022074,75,100
lsoa2011:Uttlesford 002B,E01022076,2500,2500
lsoa2011:Uttlesford 002C,E01022078,100,100
lsoa2011:Uttlesford 002D,E01022079,450,450
lsoa2011:Uttlesford 002E,E01022080,125,125
lsoa2011:Uttlesford 002F,E01022081,2000,2000
lsoa2011:Uttlesford 002G,E01022082,250,250
lsoa2011:Uttlesford 003A,E01022061,450,450
lsoa2011:Uttlesford 003B,E01022071,400,450
lsoa2011:Uttlesford 003C,E01022072,900,900
lsoa2011:Uttlesford 003D,E01022073,125,150
lsoa2011:Uttlesford 003E,E01022098,250,300
lsoa2011:Uttlesford 004A,E01022092,500,600
lsoa2011:Uttlesford 004B,E01022093,175,175
lsoa2011:Uttlesford 004C,E01022097,250,300
lsoa2011:Uttlesford 004D,E01022099,400,400
lsoa2011:Uttlesford 005A,E01022062,1000,1000
lsoa2011:Uttlesford 005B,E01022063,250,300
lsoa2011:Uttlesford 005C,E01022083,800,800
lsoa2011:Uttlesford 005D,E01022084,600,600
lsoa2011:Uttlesford 005E,E01022085,500,500
lsoa2011:Uttlesford 005F,E01022087,700,700
lsoa2011:Uttlesford 005G,E01022089,200,250
lsoa2011:Uttlesford 006A,E01022086,2250,2500
lsoa2011:Uttlesford 006B,E01022090,13000,13000
lsoa2011:Uttlesford 006C,E01022091,500,500
lsoa2011:Uttlesford 006D,E01022095,600,700
lsoa2011:Uttlesford 007B,E01022067,900,1000
lsoa2011:Uttlesford 007C,E01022068,1500,1500
lsoa2011:Uttlesford 007D,E01033054,45,45
lsoa2011:Uttlesford 007E,E01033055,700,700
lsoa2011:Uttlesford 007F,E01033056,250,250
lsoa2011:Uttlesford 008A,E01022058,450,500
lsoa2011:Uttlesford 008B,E01022064,800,800
lsoa2011:Uttlesford 008D,E01022069,450,450
lsoa2011:Uttlesford 008E,E01022088,250,300
lsoa2011:Uttlesford 008F,E01033052,800,800
lsoa2011:Uttlesford 008G,E01033053,200,225
lsoa2011:Uttlesford 009A,E01022059,1250,1250
lsoa2011:Uttlesford 009B,E01022060,600,600
lsoa2011:Uttlesford 009C,E01022070,800,800
lsoa2011:Uttlesford 009D,E01022096,600,600
